freq_hz,mag_db,phase_deg
0.1,15.946485824240886,86.39932622014781
0.10233323289164381,16.14601355844606,86.3155418770535
0.10472090554055413,16.34550339518031,86.22981891197082
0.1071642881530536,16.54495356077107,86.1421132506039
0.1096646805723366,16.744362199293636,86.05237987245893
0.11222341296996649,16.943727368829805,85.96057279455326
0.11484184655350702,17.14304703756334,85.86664505514692
0.11752137429066456,17.342319079705845,85.77054869752426
0.1202634216503262,17.541541271246462,85.67223475385644
0.1230694473608879,17.740711285518525,85.57165322917724
0.12594094418627644,17.93982668857626,85.46875308550825
0.12887943972007743,18.138884934374325,85.363482226172
0.13188649719819254,18.337883359742847,85.2557874803349
0.13496371633045767,18.536819179150537,85.14561458782514
0.13811273415166478,18.735689479248144,85.03290818427433
0.14133522589244002,18.9344912131845,84.91761178663563
0.1446329058704415,19.133221194687223,84.79966777913452
0.14800752840235087,19.33187609190006,84.67901739971357
0.15146088873714358,19.530452420968608,84.55560072703626
0.1549948240111347,19.72894653936635,84.4293566681203
0.15861121422530794,19.92735463895257,84.30022294667548
0.1623119832454485,20.125672738753874,84.16813609222683
0.1660990998256107,20.32389667746105,84.03303143010956
0.16997457865546614,20.522022105632814,83.89484307242773
0.17394048143208846,20.72004447759835,83.75350391007557
0.17799891795674558,20.91795904305043,83.60894560592646
0.18215204725728248,21.115760838321105,83.46109858930201
0.18640207873669198,21.313444677332313,83.30989205184046
0.19075127334848427,21.511005142213705,83.15525394489183
0.19520194479948053,21.708436573580695,82.9971109785749
0.19975646078067044,21.905733060465707,82.83538862263977
0.2044172442267886,22.102888429896538,82.67001110928797
0.20918677460527996,22.299896236115835,82.50090143811198
0.21406758923533914,22.49674974943671,82.32798138332465
0.21906228463772706,22.69344194473009,82.1511715034596
0.2241735179160809,22.889965489540252,81.97039115373265
0.22940400817045398,23.086312731826034,81.78555850126655
0.23475653794383633,23.28247568732631,81.59659054338984
0.2402339547024262,23.47844602654961,81.40340312923351
0.24583917235043992,23.674215061389035,81.20591098485944
0.2515751727802653,23.86977373136538,81.0040277421658
0.2574450074587842,24.065112589503023,80.79766597182717
0.2634517990507075,24.260221787845033,80.5867372205375
0.269598743079786,24.455091062616255,80.37115205283669
0.2758891096287819,24.649709719045333,80.15082009781268
0.28232624507910387,24.844066615859322,79.92565010098248
0.28891357389103245,25.03815014946731,79.69554998166664
0.2956546004254817,25.231948237852713,79.46042689618295
0.30255291080826713,25.425448304197023,79.22018730719482
0.30961217483787146,25.618637260261753,78.97473705956
0.3168361479377224,25.81150148955901,78.72398146303398
0.3242286731540226,26.004026830345577,78.46782538219043
0.33179368320019265,26.196198558479914,78.20617333392742
0.33953520254901604,26.38800137018628,77.93892959293419
0.34745734957359914,26.579419364775788,77.66599830549582
0.35556433873828425,26.770436027379287,77.38728361201635
0.3638604828406817,26.961034211753436,77.10268977863876
0.3723501953060145,27.151196123227272,76.81212133833927
0.3810379925349945,27.34090330186327,76.51548324186548
0.38992849630648024,27.53013660591407,76.21268101888141
0.39902643623619527,27.718876195663015,75.90362094966747
0.4083366522928123,27.907101517744426,75.58821024770944
0.41786409737274544,28.094791290047397,75.26635725348795
0.42761383993501695,28.281923487314828,74.93797163975566
0.4375910666976019,28.46847532755795,74.60296462855804
0.44780108539668534,28.6544232594148,74.26124922021774
0.4582493276102989,28.839742950589805,73.91274043445998
0.468941351647839,29.02440927752014,73.5573555638076
0.47988284550700544,29.20839631642298,73.19501443931863
0.4910796298997313,29.39167733588623,72.82563970867584
0.5025376613487146,29.574224791173236,72.44915712656753
0.5142630353562004,29.756010320419936,72.065495857219
0.5262619896466971,29.937004742909817,71.6745887888474
0.5385409074853531,30.117178059618965,71.27637285971677
0.5511063210737586,30.296499456228997,70.87078939536548
0.5639649150249796,30.474937308810503,70.45778445646454
0.5771235299196735,30.652459192383418,70.03730919664407
0.5905891659451753,30.829031892562856,69.60932022949372
0.604368986619493,31.004621420499706,69.17378000380474
0.6184703226021934,31.17919303132437,68.73065718597515
0.6329006755942035,31.352711246298934,68.27992704834554
0.6476677223286034,31.525139878877834,67.82157186207411
0.6627793186545347,31.696442064869593,67.3555812929954
0.6782435037163952,31.866580296881878,66.88195279873861
0.6940685042305436,32.03551646321905,66.40069202521184
0.7102627388617909,32.20321189138549,65.91181320038832
0.7268348227020044,32.36962739632855,65.41533952316207
0.7437935718532086,32.53472333353254,64.91130354487645
0.7611480081176202,32.698459657049234,64.39974754097149
0.7789073637971122,32.860795982520905,63.88072387004814
0.7970810866046621,33.021691655219094,63.354295317511635
0.8156788446903942,33.18110582308582,62.82053542083715
0.8347105317848907,33.3389975147245,62.27952877339953
0.8541862724625108,33.49532572224474,61.73137130373061
0.8741164275275125,33.650049488819796,61.17617052701523
0.8945115995258464,33.80312800076675,60.61404576561269
0.9153826383855526,33.95452068390934,60.04512833539948
0.9367406471887614,34.10418730393091,59.46956169477318
0.9585969880783667,34.25208807037186,58.88750155323846
0.9809632883025183,34.39818374387206,58.29911593661936
1.0038514464001433,34.542435746205115,57.70458520610569
1.0272736385307937,34.68480627259924,57.10410202854946
1.0512423249521803,34.825258405788475,56.497871295679175
1.0757702566488463,34.963756231190416,55.886109990195514
1.1008704821154982,35.10026495256263,55.26904699705071
1.1265563542986148,35.234751007450114,54.64692285859343
1.1528415377000134,35.36718218170247,54.01998947267963
1.1797400156461624,35.497527722311816,53.388509733302435
1.2072660977271026,35.62575844780212,52.752757113776724
1.2354344274089366,35.75184685538824,52.113015193022434
1.2642599898239333,35.87576722411927,51.46957712601564
1.2937581197423982,35.99749571322632,50.82274506001422
1.3239445097305402,36.11701045490917,50.17282949870561
1.3548352184986856,36.23429164082178,49.520148616960306
1.3864466794442711,36.349321601549825,48.86502752939843
1.4187957093941692,36.462084878418366,48.207797516478465
1.451899517550985,36.57256828702009,47.54879521228939
1.4857757146481025,36.68076097191698,46.88836175866074
1.5204423223183279,36.78665445203765,46.22684193059355
1.5559177826811321,36.89024265636985,45.56458323834911
1.5922209681535842,36.991521949630176,44.90193501180847
1.6293711914901932,37.09049114768118,44.23924747292616
1.667388216057011,37.187151522556945,43.576870802244166
1.706292266345446,37.28150679705192,42.915154205503825
1.7461040387313926,37.37356312892169,42.2544449863912
1.7868447124853946,37.46332908483786,41.59508763137843
1.828535961039703,37.55081560433039,40.937422912477885
1.8711999635182166,37.63603595403806,40.281787013512876
1.9148594165354507,37.71900567267094,39.6285106852309
1.9595375462707947,37.79974250716489,38.97791843424847
2.005258120824495,37.87826634057802,38.33032775042757
2.0520454628619316,37.95459911234027,37.68604837684745
2.0999244625529108,38.02876473152038,37.045381626063666
2.1489205908128697,38.100788983817914,36.40861974584188
2.199059912853022,38.17069943302185,35.776045337031306
2.2503691020466627,38.238525317701686,35.147930825704805
2.302875454119005,38.30429744391152,34.52453799115276
2.356606901668102,38.36804807469238,33.90611755078012
2.4115920290245705,38.429810817154284,33.29290880243136
2.4678600874580323,38.48962050790661,32.68513932416075
2.5254410107383527,38.54751309758499,32.08302473098381
2.584365431059962,38.60352553519488,31.486768487693908
2.6446646953377266,38.65769565295802,30.89656177641118
2.7063708818830383,38.71006205230803,30.312583417152624
2.769516817469004,38.760663991637536,29.73499983937504
2.8341360947937977,38.80954127635086,29.16396510214826
2.900263090351476,38.856734151725924,28.599620960366043
2.967932982719762,38.90228319903648,28.04209697419521
3.0371817712745264,38.94622923533203,27.491510658801673
3.1080462953409134,38.98861321721933,26.94796767127032
3.180564253791325,39.02947614893589,26.41156203155593
3.2547742251006495,39.06885899495371,25.882376374259575
3.330715687869443,39.10680259730131,25.36048222801725
3.408429041825953,39.1433475977437,24.845940319312948
3.487955629318178,39.17853436491416,24.338800897581233
3.5693377573073715,39.212402926449414,23.839104078544658
3.6526187198747286,39.244992906139835,23.34688020283196
3.737842821253185,39.27634346607019,22.862150207044106
3.825055399396611,39.306493253693915,22.384926004570673
3.9143028500989328,39.33548035375424,21.915210873607627
4.005632651675992,39.36334224494001,21.4529998499852
4.09909339022332,39.39011576114133,20.99828012257895
4.194734785463209,39.41583705715133,20.551031429245707
4.29260771719486,39.44054157864419,20.111226451396128
4.392764252361691,39.46426403624673,19.67883120548565
4.495257672750168,39.487038383510644,19.25380542987353
4.600142503334918,39.508897798585124,18.836102965663677
4.707474541285214,39.52987466938424,18.42567213030021
4.81731088564824,39.550000582040795,18.0224560828437
4.929709967724922,39.56930631243715,17.626393180000214
5.044731582154526,39.58782182060458,17.237417322113426
5.162436918724499,39.60557624778482,16.855458288460557
5.282888594922542,39.62259791595127,16.48044206131425
5.406150689248174,39.63891432959218,16.112291138346002
5.5322887753015415,39.65455217956385,15.750924833050338
5.6613699566675955,39.66953734882842,15.39625956296505
5.793462902614208,39.68389491989839,15.048209125549343
5.9286378846231855,39.69764918381725,14.70668496166064
6.06696681377367,39.710823650514044,14.371596406641082
6.208523278997751,39.72344106037811,14.04285092908788
6.3533825862286895,39.73552339690829,13.720354357436973
6.50162179846255,39.747091900300035,13.40401109453817
6.653319776754563,39.75816708184191,13.09372432044199
6.808557222172043,39.76876873900171,12.789396183654466
6.9674167187261515,39.77891597109049,12.49092798114664
7.12998277730536,39.78862719540114,12.19822032743074
7.296341880633987,39.797920163725706,11.91117331303542
7.466582529279726,39.806811979163335,11.629686652728836
7.640795288734611,39.8153191131382,11.353659823850483
7.819072837594538,39.82345742255324,11.082992195121435
8.00151001686288,39.8312421670127,10.817583146308404
8.1882038804045,39.83868802605227,10.557332179119612
8.379253746576952,39.845809116321895,10.302139019710904
8.574761251066386,39.85261900867173,10.051903713178657
8.774830400956196,39.85913074509686,9.80652671041221
8.979567630057266,39.865356855501716,9.565908947673092
9.189081855529164,39.87130937424911,9.329951919261763
9.403484535822443,39.876999856463634,9.098557743624285
9.622889729972897,39.88243939406255,8.871629223242614
9.84741415827924,39.88763863149154,8.649069898642404
10.0771772643966,39.89260778114544,8.430784096841686
10.312301278878753,39.897356638457666,8.216676974553184
10.552911284202958,39.901894596644496,8.006654556441488
10.799135281311973,39.906230661093176,7.800623768725034
11.051104257708655,39.91037346338513,7.598492468401074
11.308952257139362,39.914331274947486,7.400169468360237
11.572816450903245,39.918112020328465,7.205564558645469
11.842837210825286,39.921723290093404,7.014588524098791
12.119158183932093,39.92517235334018,6.82715315862748
12.40192636886994,39.928466169833996,6.643171276310537
12.691292194105861,39.93161140176267,6.462556719554824
12.987409597953363,39.934614425114866,6.28522436449977
13.290436110465315,39.937481340684435,6.111090123859012
13.600532937237599,39.94021798470512,5.940070947377147
13.917865045168076,39.94282993912041,5.772084820070051
14.242601250216534,39.945322541494065,5.607050758407633
14.574914307212259,39.947700894567404,5.4448888045888815
14.914981001757036,39.94996987546972,5.285520019050225
15.262982244272472,39.95213414458888,5.128866471339831
15.619103166241592,39.95419815410911,4.974851229482493
15.98353321869612,39.9561661562235,4.82339834795189
16.356466273001555,39.95804221102884,4.674432854359917
16.738100723993853,39.959830194110324,4.527880734965571
17.128639595522547,39.9615338038243,4.383668919099279
17.528290648456405,39.96315656828659,4.24172526259234
17.937266491209115,39.964701852074455,4.101978530294988
18.355784692843812,39.96617286264989,3.96435837776098
18.784067898816563,39.96757265651229,3.8287953321712203
19.22234394942046,39.968904145087826,3.6952207725637978
19.67084600099326,39.97017010036347,3.5635669094330193
20.129812649953035,39.971373160272904,3.4337667637554805
20.599488059728017,39.97251583384169,3.3057541454968273
21.08012209064783,39.97360050609893,3.179463631649013
21.5719704328655,39.97462944276232,3.054830543843818
22.075294742380795,39.97560479470332,2.9317909255849846
22.590362780237342,39.9765286021993,2.8102815191378725
23.1174485549675,39.9774027989787,2.690239742112401
23.65683246836084,39.97822921606569,2.5716036637720965
24.208801464633705,39.97900958543013,2.454311981099234
24.77364918307929,39.979745543448544,2.338303994643528
25.351676114279368,39.980438634181866,2.2235195841793507
25.94318975996074,39.981090312474834,2.10989918419421
26.548504796581717,39.981701946882566,1.997383759229028
27.167943242735195,39.98227482242871,1.8859147790889506
27.801834630457815,39.98281014320009,1.775434193941377
28.450516180536077,39.98330903478202,1.6658844093163525
29.114332981902788,39.983772546538454,1.557208261022793
29.793638175219247,39.98420165374099,1.4493489899925835
30.48879314074081,39.98459725955009,1.3422502170632384
31.200167690565817,39.984960196852406,1.2358559177085535
31.928140265370125,39.985291229956914,1.1301103967255295
32.67309813573195,39.985591056153226,1.0249582628848273
33.435437608153904,39.98586030713462,0.9203444035510585
34.215564235892394,39.98609955028837,0.8162139592782525
35.01389303470575,39.986309289855654,0.7125122983852549
35.83084870363649,39.9864899679631,0.6091849915149271
36.666865850944866,39.98664196552794,0.5061777861804652
37.52238922531402,39.986765603038116,0.4034365813016513
38.397873952449665,39.98686114120912,0.3009074017333137
39.29378577720015,39.98692878151837,0.19853637278790737
40.210601311325846,39.98696866661848,0.0962696947537952
41.148808287049455,39.986980880629766,-0.0059463825894639265
42.10890581652239,39.98696544931285,-0.10816558545769699
43.0914046573448,39.986922340121495,-0.21044164154955966
44.096827484281306,39.98685146213589,-0.3128283055339582
45.12570916731599,39.98675266587605,-0.4153793845364541
46.17859705619533,39.98662574299526,-0.5181487636236854
47.25605127161014,39.98647042585289,-0.621190431284664
48.35864500317141,39.986286386965666,-0.7245585049075924
49.48696481433868,39.98607323833668,-0.8283072562506023
50.641610954463026,39.98583053066071,-0.9324911369044665
51.82319767811085,39.9855577524045,-1.0371648037449166
53.03235357183813,39.98525432876042,-1.142383144371759
54.26972188858915,39.984919620471366,-1.2482013025313572
55.53596088989733,39.98455292252524,-1.3546747035184983
56.83174419607086,39.984153462716236,-1.4618590795529258
58.15776114454846,39.98372040007069,-1.569810495124964
59.514717156616705,39.9832528231346,-1.6785853723038948
60.90333411268367,39.98274974811983,-1.7882405160017072
62.32435073630853,39.98221011690576,-1.8988331391837976
63.778522987191536,39.98163279489299,-2.0104208880170478
65.2666244633333,39.981016568705265,-2.123061866944453
66.78944681257744,39.980360143735886,-2.236814663674095
68.34780015375544,39.97966214153425,-2.3517383740687934
69.94251350765792,39.978921097028326,-2.4678926269211408
71.574435238061,39.97813545557826,-2.585337608596944
73.24443350304374,39.97730356985646,-2.704134087528238
74.95339671683494,39.97642369654882,-2.8243434385349935
76.7022340224364,39.97549399287205,-2.9460276669525634
78.4918757752735,39.974512512901356,-3.0692494325396216
80.32327403813038,39.973477203702735,-3.194072073138837
82.19740308763323,39.972385901264104,-3.3205596280599967
84.11525993255094,39.97123632621866,-3.4487768611523806
86.07786484418891,39.97002607935448,-3.578789283530327
88.08626189915823,39.96875263690345,-3.7106631759126345
90.14151953480899,39.96741334560281,-3.8444656105331334
92.24473111762268,39.96600541752231,-3.9802644725760783
94.39701552486746,39.96452592464985,-4.118128481086298
96.59951773982377,39.96297179322811,-4.258127209299783
98.85340946089865,39.9613397978349,-4.40033110433626
101.15988972495167,39.95962655519949,-4.544811506190577
103.52018554516485,39.9578285177472,-4.6916406659549645
105.93555256379533,39.955941966864565,-4.840891763199029
108.40727572015842,39.95396300587712,-4.992638922428981
110.93666993419616,39.95188755273199,-5.146957228541803
113.52508080599515,39.94971133237745,-5.303922741184083
116.17388533162584,39.94742986883149,-5.4636125079188105
118.88449263568403,39.945038476931956,-5.626104576096842
121.65834472092367,39.94253225376029,-5.791478003322505
124.49691723538167,39.93990606973186,-5.9598128663957715
127.40172025740017,39.937154559345466,-6.131190268605272
130.37429909896588,39.93427211158529,-6.305692345238702
133.41623512779302,39.93125285996885,-6.483402267168512
136.52914660858752,39.92809067223503,-6.664404242362059
139.71468956393971,39.9247791396665,-6.848783515156178
142.97455865530358,39.92131156604216,-7.036626363126666
146.3104880845317,39.917680956215115,-7.228020091373316
149.7242525164446,39.91388000431338,-7.423053024030895
153.21766802292626,39.90990108156082,-7.621814492806041
156.79259304904681,39.905736223717426,-7.824394822329196
160.45092940172842,39.90137711813902,-8.03088531209977
164.19462326147772,39.896815090457956,-8.241378214791249
168.02566621772516,39.89204109088806,-8.4559667106717
171.94609632832078,39.887045680158536,-8.674744877883406
175.9579992037507,39.881819015084,-8.897807658313766
180.06350911665098,39.876350833779355,-9.125250818777838
184.2648101372087,39.87063044053111,-9.357170907221276
188.5641372950551,39.86464669033901,-9.59366520364108
192.9637777682677,39.858387973144985,-9.834831665410155
197.4660721001156,39.851842197769194,-10.080768866681069
202.0734154441926,39.8449967755767,-10.331575931533854
206.78825883860452,39.83783860390163,-10.587352460523324
211.6131105098844,39.83035404926002,-10.848198450272152
216.5505372073316,39.822528930386454,-11.11421420574845
221.60316556848443,39.814348501134475,-11.385500244859694
226.7736835164522,39.8057974332857,-11.66215719498983
232.06484168985028,39.79685979931751,-11.944285681102603
237.47945490609902,39.78751905518538,-12.231986205032694
243.02040365886455,39.777758023181256,-12.525359015586762
248.69063565043874,39.76755887493621,-12.824503969079569
254.4931673598731,39.75690311464198,-13.129520379936348
260.4310856476998,39.74577156257303,-13.440506861001658
266.507549398097,39.7341443389982,-13.757561153207863
272.7257911993673,39.72200084857836,-14.08077994427269
279.08911906362675,39.70931976535469,-14.410258676116808
285.60091818661823,39.69607901844003,-14.746091340717864
292.26465274858515,39.68225577853416,-15.088370264148633
299.0838677571637,39.667826445392336,-15.437185878583612
306.06219093327434,39.652766636384996,-15.792626482101308
313.20333464101515,39.63705117629492,-16.15477798615862
320.51109786258456,39.62065408850683,-16.52372365067041
327.9893682192834,39.603548587752634,-16.899543806690737
335.6421240396705,39.58570707458354,-17.2823155667639
343.473436475976,39.56710113174807,-17.672112523093087
351.4874716698928,39.54770152266212,-18.06900443376208
359.6884929689019,39.52747819216368,-18.47305689734214
368.08086319431027,39.50640026975053,-18.88433101632173
376.6690469622064,39.48443607550404,-19.302883049910122
385.45761305856985,39.46155312890561,-19.728764056889265
394.4512368697975,39.43771816075443,-20.162019529319068
403.6547028699395,39.4128971283961,-20.6026890180407
413.07290716596805,39.38705523447007,-21.050805751069444
422.71086010243414,39.360156949381114,-21.50639624612233
432.5736889268946,39.3321660376943,-21.96947991868566
442.6666405175339,39.30304558864536,-22.440068687192362
452.99508417442365,39.27275805094784,-22.918166577046712
463.56451447591087,39.24126527206508,-23.403769325404774
474.38055420165176,39.20852854209878,-23.896863988788574
485.4489573238469,39.17450864242659,-24.397428555780184
496.7756120682688,39.139165899197906,-24.90543156720597
508.36654404671054,39.10246024177149,-25.420831746377523
520.2279194625213,39.06435126614821,-25.94357764210335
532.3660483909351,39.024798303419416,-26.473607287319332
544.7873881359374,38.983760493214696,-27.010847876304478
557.4985466654523,38.94119686209291,-27.55521546354744
570.5062861266869,38.897066406777235,-28.10661468740614
583.8175264434902,38.85132818208915,-28.664938521752827
597.4393489976511,38.80394139338758,-29.230068058818638
611.379000396087,38.754865493268994,-29.801872326439973
625.6438963259316,38.70406028223171,-30.380208142862593
640.2416254995702,38.65148601295454,-30.964920012173984
655.1799536917212,38.59710349778601,-31.55584006330894
670.466827870713,38.54087421898668,-32.152788035406026
686.1103804261534,38.48276044121542,-32.75557131208045
702.1189334952389,38.422725325699275,-33.36398500692417
718.5010033900093,38.360733045479535,-33.977812102244435
735.2653051278958,38.29674890108289,-34.59682364270985
752.4207570679852,38.23073943592699,-35.22077898519053
769.9764856554507,38.162672550736794,-35.84942610565697
787.9418302766868,38.092517616220746,-36.482501963547776
806.3263482277227,38.02024558323622,-37.11973292353052
825.1398197985624,37.94582908966187,-37.760835234071166
844.3922534761529,37.86924256319178,-38.4055155617001
864.0938912687509,37.79046231927192,-39.05347157932542
884.2552141545183,37.70946665341559,-39.70439260640283
904.8869476572469,37.62623592715965,-40.357960298236414
926.0000675521785,37.54075264695829,-41.01384938116216
947.6058057049498,37.45300153535609,-41.671728429866064
969.715656046784,37.36296959383559,-42.331260682620375
992.3413806890871,37.27064615679741,-42.992104889789694
1015.4950161807172,37.17602293620126,-43.65391619057636
1039.1888799112494,37.079094056473416,-44.31634701264325
1063.4355766636436,36.97985607936995,-44.979047988982494
1088.2480053198017,36.87830801857278,-45.64166888619215
1113.639365722581,36.774451343887065,-46.303859538186906
1139.623165697914,36.66828997500245,-46.96527077930247
1166.2132282407701,36.55983026487406,-47.62555537076117
1193.4236988687849,36.449080972872984,-48.28436891454555
1221.2690531474634,36.336053227946614,-48.94137074887735
1249.764104390967,36.220760482116525,-49.59622481971802
1278.9240115425748,36.10321845472384,-50.2486005229897
1308.7642872390165,35.983445067908136,-50.898173512556305
1339.300806062968,35.86146037387502,-51.54462646939853
1370.5498129880796,35.73728647456811,-52.187649827854045
1402.5279320210802,35.61094743441331,-52.826942455272054
1435.2521750454878,35.48246918684642,-53.46221228193344
1468.7399508716824,35.3518794353677,-54.09317687861559
1503.0090744981337,35.219207549890925,-54.719563979717144
1538.0777765887153,35.08448445916812,-55.34111195039852
1573.9647131711472,34.94774254007526,-55.95757019673121
1610.6889755617235,34.80901550453979,-56.56869951837188
1648.2701005216104,34.66833828487711,-57.1742724037833
1686.728080650111,34.525746918282316,-57.774073268503045
1726.0833750204317,34.38127843119489,-58.367898637410605
1766.356920063604,34.234970724219515,-58.9555572723567
1807.5701407063548,34.086862458246,-59.53687024689448
1849.7449617688478,33.93699294236695,-60.111670970185536
1892.9038196283627,33.78540202414319,-60.67980516244451
1937.0696741551137,33.63212998271679,-61.24113078453292
1982.2660209265584,33.477217425218136,-61.79551792451549
2028.516903726696,33.320705186860465,-62.34284864415141
2075.846927337002,33.162634235061425,-62.88301678841105
2124.281270625806,33.003045577877685,-63.41592776118508
2173.8456999430764,32.8419801769871,-63.94149827039329
2224.566582827733,32.67947886540228,-64.4596560457049
2276.470902034791,32.51558227005159,-64.97033953205457
2329.5862698897677,32.35033073931803,-65.47349756208285
2383.9409429780535,32.18376427558417,-65.96908901054871
2439.5638371769815,32.015922472791864,-66.45708243365769
2496.4845430386426,31.846844458989626,-66.93745569612858
2554.733341531624,31.67656884380802,-67.41019558868399
2614.3412201500305,31.50513367077439,-67.87529743850088
2675.3398893983735,31.332576374352755,-68.33276471499875
2737.7617996610834,31.15893374157251,-68.78260863317878
2801.6401584656355,30.984241878090767,-69.22484775655805
2867.0089481484574,30.808536178517407,-69.65950760157253
2933.9029439330284,30.631851300819243,-70.08662024515347
3002.35773242978,30.45422114460976,-70.50622393701312
3072.409730567643,30.275678833123678,-70.91836271801283
3144.096204967312,30.096256698670388,-71.32308604582734
3217.455291766534,29.91598627135797,-71.72044842896653
3292.526016907965,29.73489827087822,-72.11050907007066
3369.3483169003916,29.553022601144523,-72.49333151925731
3447.963060064359,29.370388347576394,-72.86898333816845
3528.4120682735092,29.187023776828664,-73.23753577524514
3610.738139203196,29.002956338768016,-73.59906345264542
3694.985069098213,28.818212670505474,-73.95364406511669
3781.197676071748,28.6328186023001,-74.30135809103957
3869.4218239479255,28.446799165156595,-74.64228851577369
3959.704446660722,28.260178599946755,-74.97652056735821
4052.093573222093,28.07298036789375,-75.3041414645493
4146.638353272696,27.885227162265597,-75.625240177115
4243.389083228772,27.696940921133436,-75.9399071982529
4342.397233039088,27.50814284105833,-76.24823432894793
4443.715473566187,27.318853391579147,-76.55031447404559
4547.397704606498,27.129092330382235,-76.84624144978105
4653.499083564233,26.938878719042187,-77.13610980247374
4762.076054794297,26.748230939230695,-77.42001463807281
4873.186379629852,26.55716670929868,-77.69805146221823
4986.889167110482,26.365703101144163,-77.97031603046663
5103.244905427326,26.173856557285756,-78.23690420831875
5222.315494101893,25.981642908068437,-78.49791184067726
5344.16427691569,25.789077388935052,-78.75343463035782
5468.856075608165,25.596174657703024,-79.00356802527382
5596.4572243609155,25.402948811791827,-79.24840711391555
5727.035605086481,25.209413405352205,-79.48804652874557
5860.660683540511,25.015581466253536,-79.72258035713703
5997.403546276515,24.821465512890345,-79.9521020594863
6137.336938462851,24.627077570773686,-80.17670439413861
6280.535302582084,24.43242918887748,-80.39647934877351
6427.074818033231,24.23753145571348,-80.61151807790526
6577.033441658139,24.04239501511226,-80.82191084616413
6730.490949213319,23.847030081691432,-81.02774697703394
6887.528977809475,23.651446455994538,-81.2291148067327
7048.231069341224,23.455653539287535,-81.42610164293409
7212.682714930152,23.25966034800208,-81.61879372803934
7380.97140040481,23.063475527817225,-81.8072762067203
7553.186652841878,22.86710736737327,-81.99163309746639
7729.420088193235,22.670563811613285,-82.17194726787955
7909.765460024283,22.47385247474986,-82.34830041347321
8094.318709389451,22.276980652855855,-82.52077303974218
8283.178015871405,22.07995533607952,-82.68944444728206
8476.443849811125,21.88278322048555,-82.85439271974724
8674.219025756638,21.685470719524723,-83.01569471444792
8876.608757158818,21.488023975135672,-83.17342605539612
9083.720712343382,21.290448868483374,-83.32766112862134
9295.665071788839,21.09275103033944,-83.4784730795864
9512.554586740862,20.89493585111014,-83.62593381254258
9734.50463919427,20.697008490518506,-83.77011399167331
9961.633303274544,20.498973886947375,-83.91108304388341
10194.06140805149,20.300836766450587,-84.04890916309984
10431.912601818538,20.1026016514399,-84.18365931595771
10675.313417871703,19.904272869055575,-84.31539924875268
10924.39334182355,19.705854559228218,-84.44419349554865
11179.284880487525,19.50735068244058,-84.57010538733603
11440.123632369623,19.308765027197154,-84.6931970621431
11707.048359804787,19.11010121721005,-84.81352947600837
11980.2010627764,18.911362718309434,-84.93116241472876
12259.72705445816,18.712552845086904,-85.0461545063034
12545.775038518534,18.513674767279987,-85.15856323399825
12838.497188228886,18.31473151590616,-85.26844494996224
13138.049227417408,18.115725989154264,-85.37585488932969
13444.590513311869,17.916660958041646,-85.48084718474897
13758.284121315284,17.717539071844733,-85.5834748812811
14079.29693175962,17.518362863310863,-85.68378995161629
14407.799718683633,17.319134753659075,-85.78184331156001
14743.967240682125,17.11985705737726,-85.87768483574375
15087.978333874908,16.92053198682297,-85.97136337351927
15440.01600704497,16.721161656635143,-86.0629267649976
15800.267538996412,16.52174808796354,-86.15242185719774
16168.924578183996,16.32229321252281,-86.23989452027227
16546.183244667267,16.12279887647768,-86.32538966377993
16932.2442344435,15.923266844165806,-86.40895125297723
17327.312926215,15.72369880166433,-86.49062232510425
17731.59949064753,15.524096360206329,-86.57044500564093
18145.31900217787,15.324461059453036,-86.64846052451273
18568.691553430377,15.124794370627242,-86.72470923222635
19001.9423723029,14.925097699513676,-86.79923061591778
19445.301941784674,14.725372389331534,-86.87206331529643
19899.006122569845,14.525619723484184,-86.94324513847107
20363.296278531863,14.325840928191148,-87.0128130776442
20838.41940512545,14.126037175007063,-87.08080332466305
21324.62826078452,13.926209583232199,-87.14725128641662
21822.181501385916,13.726359222219058,-87.21219160006909
22331.343817850466,13.526487113579215,-87.27565814812135
22852.38607695462,13.32659423329469,-87.33768407329292
23385.585465427554,13.126681513737593,-87.39830179321774
23931.225637410385,12.926749845602068,-87.45754301494826
24489.59686535594,12.72680007975212,-87.51543874926249
25060.996194449395,12.526833028988804,-87.57201932477005
25645.727600631893,12.326849469740303,-87.62731440181341
26244.102152311214,12.126850143678013,-87.68135298616143
26856.43817584554,11.926835759261909,-87.73416344249281
27483.061424888354,11.726806993218073,-87.78577350766736
28124.30525368452,11.526764491951365,-87.83621030378379
28780.510794409794,11.326708872895992,-87.8855003510231
29452.02713864812,11.12664072580657,-87.9336695802768
30139.211523102924,10.926560613992415,-87.98074334555982
30842.42951964206,10.726469075497214,-88.02674643620827
31562.05522977641,10.526366624226732,-88.07170308886249
32298.47148367634,10.326253751026655,-88.11563699923597
33052.07004383167,10.126130924712715,-88.1585713336713
33823.2518134635,9.92599859305521,-88.20052874048422
34612.427049798745,9.725857183719938,-88.24153136109719
35420.01558232087,9.525707105167353,-88.28160084096424
36246.44703611294,9.32554874751183,-88.32075834028866
37092.16106041179,9.125382483342774,-88.35902454453559
37957.60756249481,8.925208668509253,-88.39641967474168
38843.24694702402,8.725027642869671,-88.43296349762382
39749.55036097441,8.524839731008163,-88.4686753354893
40676.99994427719,8.324645242919035,-88.50357407595
41626.089086311,8.124444474660725,-88.53767818144283
42597.32268837776,7.924237708980647,-88.57100569855915
43591.21743230265,7.724025215912084,-88.60357426718579
44608.3020553011,7.5238072533445575,-88.63540112946025
45649.11763125921,7.323584067568639,-88.66650313854295
46714.21785857692,7.123355893796486,-88.69689676720921
47804.16935472739,6.923122956659108,-88.72659811626374
48919.5519576891,6.722885470681361,-88.75562292278057
50060.959034410684,6.522643640735845,-88.78398656817109
51228.99779647389,6.322397662476266,-88.81170408608318
52424.2896231207,6.122147722751608,-88.83879017013429
53647.470391817966,5.921894000001684,-88.86525918148122
54899.19081653474,5.7216366646349845,-88.89112515622946
56180.11679391243,5.521375879389602,-88.91640181268521
57490.9297575119,5.3211117996779524,-88.94110255845233
58832.32704032601,5.1208445739161315,-88.96524049737772
60205.02224575035,4.920574343838419,-88.98882843634746
61609.74562720967,4.720301244797721,-89.01187889193666
63047.24447664181,4.5200254060525396,-89.03440409691575
64518.2835220459,4.319746951041056,-89.056416006616
66023.64533430629,4.119465997642912,-89.07792630515694
67564.13074350858,3.9191826584292726,-89.0989464115382
69140.55926496934,3.718897040901617,-89.11948748559882
70753.7695352061,3.5186092477198443,-89.13956043384633
72404.61975807938,3.3183193769201265,-89.15917591515799
74093.98816134452,3.118027522122973,-89.17834434635749
75822.77346385569,2.9177337727319372,-89.19707590766873
77591.89535367095,2.7174382141234283,-89.21538054804986
79402.29497731265,2.517140927827966,-89.23326799040959
81254.93544044351,2.3168419917032703,-89.25074773670842
83150.80232022388,2.11654148009968,-89.26782907294705
85090.90418962507,1.9162394640179339,-89.28452107404438
87076.27315397453,1.715936011260065,-89.30083260860734
89107.96540002066,1.515631186573383,-89.31677234359482
91187.06175780854,1.3153250517880375,-89.33234874887798
93314.66827566527,1.1150176659483704,-89.34757010169893
95491.91680860141,0.9147090854383575,-89.3624444910304
97719.96562044085,0.7143993641014312,-89.37697982183778
100000.0,0.5140885533548875,-89.39118381924632
