freq_hz,mean_db,p05_db,p95_db
1.0,34.51852335296952,34.51852264944635,34.51852398719292
1.0292747724096085,34.69673185944915,34.69673111413213,34.69673253134954
1.0594065571188513,34.87193313455422,34.87193234496054,34.87193384636986
1.0904204429677524,35.04405731350253,35.04405647700186,35.04405806760465
1.1223422532664178,35.213037365865546,35.213036479671324,35.21303816476624
1.1551985672964793,35.37880944806117,35.37880850922125,35.37881029442174
1.1890167424419895,35.54131325059411,35.54131225598102,35.54131414723398
1.2238249369681928,35.70049233638479,35.70049128268524,35.700493286290886
1.2596521334671402,35.85629446644554,35.85629335014943,35.85629547278221
1.2965281629896683,36.008671909146244,36.00867072653493,36.008672975265824
1.3344837298838386,36.15758172936321,36.15758047649714,36.15758285881718
1.3735504373605134,36.302986053928464,36.3029847266341,36.30298725047933
1.4137608138073605,36.444852309993955,36.44485090384974,36.44485357762766
1.455148339873194,36.58315343319209,36.58315194351384,36.5831547761314
1.4977474763452012,36.71786804281238,36.717866464637645,36.71786946553092
1.5415936928422724,36.84898058161134,36.84897890968292,36.84898208884854
1.5867234973483177,36.976481418328305,36.976479647076616,36.976483015105096
1.6331744666101677,37.10036691147773,37.10036503500234,37.10036860311331
1.6809852774253642,37.22063943352341,37.220637445573374,37.22064122565299
1.7301957388458942,37.337307355093344,37.33730524904638,37.3373092536869
1.780846825324682,37.450384989457945,37.45038275829836,37.4503870008401
1.8329807108324359,37.55989249805128,37.5598901343466,37.55989462892237
1.8866408039732578,37.66585575835427,37.665853254230505,37.665858015812695
1.9418717841282556,37.76830619596616,37.76830354308158,37.768308587532005
1.9987196386572506,37.867280583154816,37.86727777267208,37.86728311679486
2.0572317011895564,37.9628208065879,37.96281782914473,37.962823490742224
2.1174566910357124,38.05497360729764,38.054970452975574,38.05497645090771
2.1794447537529855,38.14379029621411,38.143786954505494,38.1437933087526
2.243247502898419,38.22932644881474,38.22932290858766,38.22932964031699
2.3089180630041928,38.3116415825756,38.31163783203688,38.311644963673146
2.3765111138110746,38.39079882097807,38.39079484763398,38.39080240293403
2.446082935796799,38.466864547820556,38.4668603384351,38.46686834256708
2.517691457037277,38.539908055516605,38.53990359606755,38.53991207569474
2.591396301439659,38.61000119093349,38.609996466565605,38.61000544993518
2.667258838387406,38.67721800214405,38.677212997119675,38.67722251415687
2.745342233838714,38.74163438924036,38.74162908688683,38.74163916929458
2.825711502920828,38.80332776209541,38.80332214474972,38.80333282611426
2.9084335640640484,38.862376707672155,38.86237075662196,38.86238207252474
2.9935772947204895,38.918860669169334,38.91885436459076,38.91886635272691
3.0812135887140033,38.97285963897676,38.97285295986824,38.97286566017217
3.171415415268999,39.024453867089434,39.024446791201896,39.024460245980286
3.264257879767322,39.07372358631285,39.07371609007546,39.07373034414819
3.3598182862837818,39.120748755281596,39.120740813723344,39.120755914572804
3.458176201952381,39.16560882002088,39.165600406687346,39.16561640461657
3.55941352321686,39.20838249450338,39.208373581368704,39.208390529668925
3.663614544020716,39.24914756040167,39.24913811777511,39.24915607290325
3.7708660259934543,39.287980686005405,39.28797068243251,39.28798970419926
3.881257270691538,39.324957264069425,39.32494666622721,39.32496681799622
3.9948801939541703,39.360151268179436,39.360140040765486,39.36016138966441
4.111829402435831,39.393635127070986,39.393623232685755,39.39364584982986
4.2322022723792765,39.42547961620883,39.42546701523116,39.42549097596013
4.356099030694608,39.45575376583262,39.45574041628779,39.455765800416714
4.483622838411908,39.484524784593994,39.48451064201384,39.48453753409902
4.614879876576938,39.51185799785131,39.51184301512617,39.51187150474673
4.7499794346614115,39.537816799649065,39.537800926870936,39.53783110892719
4.889034001561445,39.56246261738671,39.56244580168294,39.56247777671244
5.032159359259993,39.58585488817327,39.5858370735305,39.58587094804287
5.17947467923121,39.60805104587146,39.60803217294911,39.608068059780734
5.331102621667034,39.62910651785131,39.62908652378394,39.62912454247382
5.487169437608604,39.64907473049971,39.64905354868768,39.64909382587547
5.647805074067555,39.668007122566735,39.66798468245436,39.668027352302076
5.813143282224713,39.68595316546878,39.68592939230948,39.685974596948384
5.9833217287962865,39.702960389714626,39.70293520432191,39.702983094325724
6.158482110660264,39.719074416666196,39.71904773515,39.71909847003636
6.338770272838487,39.73433899489753,39.73431072838494,39.73436447714656
6.524336329932625,39.74879604046567,39.748766094804914,39.74882303647234
6.7153347911151435,39.76248568045812,39.7624539559051,39.76251428014282
6.911924688779366,39.775446299233,39.77541269011923,39.7754765978572
7.1142697109557345,39.78771458681757,39.78767898119822,39.78774668530087
7.322538337604533,39.799325588978334,39.79928786825967,39.79935959423469
7.53690398089854,39.81031275852397,39.810272797068436,39.810348783817524
7.757545129612417,39.82070800744453,39.82066567215248,39.82074617276674
7.984645497739087,39.83054175953387,39.830496909400466,39.83058219200299
8.218394177456801,39.839843003180604,39.83979548882644,39.83988583746492
8.458985796574302,39.84863934405042,39.84858900722428,39.848684722816564
8.706620680585127,39.8569570574161,39.85690373046819,39.85700513180398
8.961505019466045,39.86482113992395,39.8647646452478,39.8648720700498
9.223851039358475,39.872255360613536,39.87219551005494,39.87230931610296
9.493877179275827,39.87928231103541,39.879218905266164,39.87933947158792
9.771808272983904,39.885923454334694,39.885856282189295,39.885984010321856
10.057875736205835,39.892199173191074,39.89212801096397,39.89226332629013
10.352317759307383,39.89812881652554,39.898053427226706,39.898196780390485
10.655379505623053,39.903730744901566,39.90365087746795,39.90380274587419
10.967313315588179,39.909022374565154,39.90893776302542,39.90909865242825
11.28837891684689,39.91402022008203,39.91393058267158,39.914101028857154
11.618843640511002,39.91873993554231,39.918644973766064,39.91882554433506
11.958982643749794,39.92319635431546,39.92309575195483,39.92328704821062
12.309079138896024,39.927403527346236,39.92729694940744,39.92749960835622
12.669424629259064,39.93137475999238,39.93126185159232,39.93147654806186
13.040319151841308,39.93512264741129,39.93500303259735,39.935230481481305
13.422071527160119,39.93865910850911,39.938532389009126,39.93877334764432
13.814999616383224,39.941995418471464,39.941861172369485,39.942116443054154
14.219430585991669,39.94514223989899,39.94500002023276,39.94527045289394
14.635701180190798,39.9481096525752,39.94795898585041,39.94824548086937
15.064158001295928,39.95090718189632,39.95074756651294,39.95105107771796
15.505157798326245,39.953543825996064,39.95337473058149,39.953696268417914
15.95906776404731,39.95602808159951,39.9558489432431,39.95618957813103
16.426265840709313,39.95836796864225,39.95817819102514,39.95853905691596
16.9071410347358,39.96057105369105,39.960370005105574,39.96075230324892
17.40209374062485,39.96264447220396,39.962431483455745,39.96283648638944
17.91153607433231,39.96459494966729,39.96436931185331,39.96479836762927
18.435892216414878,39.96642882164714,39.966189783802356,39.966644320462514
18.975598765218503,39.96815205279308,39.96789881939789,39.96838034971472
19.53110510040632,39.9697702548304,39.96950198317102,39.97001210966834
20.102873757128854,39.97128870357821,39.971004500950876,39.97154492122129
20.69138081114789,39.972712355028015,39.97241127577818,39.97298378811469
21.29711627523478,39.97404586051803,39.973726902904595,39.974333412264876
21.920584507173256,39.975293581036155,39.97495568391092,39.975598208233585
22.56230462970634,39.97645960068501,39.976101639975994,39.97678231686968
23.222810962777245,39.97754773933953,39.97716852432696,39.977889618154016
23.902653468423917,39.97856156452741,39.97815983390032,39.97892374327813
24.602398208697764,39.97950440256144,39.97907882024172,39.97988808598627
25.322627816987946,39.980379348950606,39.97992849967137,39.98078581320867
26.063941983143486,39.981189278116524,39.9807116627401,39.98161987501302
26.826957952797244,39.98193685243962,39.981430883000165,39.98239301389932
27.61231104130753,39.982624530658434,39.98208852511307,39.98310777346254
28.420655162745124,39.9832545756438,39.98268675231547,39.983766506445455
29.252663374366445,39.98382906156875,39.9832275332627,39.984371382203314
30.109028437025927,39.984349880492836,39.98371264826792,39.9849243936001
30.990463391994282,39.98481874837883,39.98414369495368,39.98542736335544
31.897702154663214,39.98523721055817,39.98452209333099,39.985881949859035
32.831500125630455,39.98560664665965,39.98484909031963,39.986289652469004
33.79263481967431,39.985928275015574,39.985125763722074,39.986651816308644
34.7819065131413,39.98620315655721,39.985353025661944,39.98696963657509
35.80013891028579,39.98643219821001,39.98553162549637,39.987244162371915
36.848179829116766,39.9866161557991,39.98566215221042,39.987476300076516
37.926901907322495,39.98675563647215,39.98574503630013,39.98766681625184
39.037203328860905,39.98685110064705,39.98578055114947,39.98781634011075
40.18000857182091,39.986902863489874,39.98576881390505,39.987925365540015
41.35626917817708,39.98691109592682,39.985709785850986,39.98799425268978
42.566964546078715,39.98687582519397,39.985603272285,39.98802322913308
43.813102745333055,39.986796934925266,39.985448921895426,39.988012390598655
45.095721356761466,39.98667416477994,39.98524622563728,39.98796170127932
46.41588833612777,39.98650710960768,39.98499451510449,39.98787099371656
47.774702903357735,39.98629521814984,39.984692960393396,39.987739968261316
49.17329645779018,39.986037791272196,39.98434056745191,39.98756819210907
50.61283352022219,39.98573397972507,39.9839361749069,39.98735509790676
52.094512702532086,39.98538278142399,39.98347845036088,39.98709998192728
53.61956770568817,39.984983038243534,39.98296588614801,39.98680200180651
55.1892683469738,39.98453343231523,39.98239679453784,39.98646017383632
56.80492161728426,39.98403248181947,39.98176930237355,39.98607336980578
58.467872769375894,39.98347853625952,39.98108134513041,39.98564031338175
60.17950643797334,39.98286977120467,39.98033066037848,39.985159576018425
61.94124779266757,39.98220418248839,39.97951478063219,39.98462957238455
63.75456372456507,39.98147957984545,39.97863102556802,39.984048555295146
65.62096406767557,39.98069357997113,39.97767649358993,39.98341461013414
67.54200285605586,39.97984359898389,39.976648052720954,39.982725648752
69.51927961775606,39.97892684427139,39.97554233079775,39.981979402821956
71.55444070664578,39.97794030569932,39.97435570494355,39.98117341663659
73.64918067322965,39.97688074615923,39.973084290293485,39.980305039325415
75.8052436755926,39.97574469143232,39.97172392794499,39.979371416472816
78.02442493165049,39.97452841934328,39.97027017210453,39.978369481113916
80.30857221391513,39.973227948177346,39.96871827640055,39.97729594408532
82.65958738801808,39.97183902433261,39.96706317933159,39.976147283705565
85.07942799627445,39.97035710917831,39.96529948881677,39.974919734759354
87.57010888760509,39.96877736508797,39.963421465815415,39.9736092767579
90.13370389517434,39.96709464061618,39.96142300698088,39.97221162144677
92.7723475631406,39.96530345478528,39.95929762631355,39.970722199531
95.48823692395666,39.963397980448796,39.95703843577628,39.969136146586216
98.28363332770026,39.961372026695834,39.95463812483602,39.96744828812334
101.16086432495807,39.959219020261195,39.952088938894114,39.96565312377314
104.12232560483054,39.956931985904674,39.94938265656801,39.963744810555994
107.17048298967103,39.954503525722274,39.94651056578736,39.96171714520137
110.30787448822151,39.951925797352644,39.94346343866742,39.9595635454804
113.53711240885178,39.94919049104109,39.94023150512411,39.95727703051463
116.86088553466509,39.946288805523764,39.93680442519536,39.954850200023145
120.28196136227776,39.943211422696415,39.93317126003602,39.95227521247018
123.80318840613968,39.93994848103096,39.92932044155471,39.949543762075194
127.42749857031335,39.936489547706,39.92523974066445,39.94664705464745
131.15790958968503,39.9328235894185,39.92091623412186,39.94357578220765
134.99752754264296,39.928938941846006,39.91633626993376,39.94032009636012
138.94954943731375,39.924823277732386,39.911485431315086,39.93686958038001
143.0172658735088,39.920463573571936,39.90634849918768,39.933213219981866
147.20406378260014,39.91584607487312,39.90090941321612,39.929339372738
151.5134292476053,39.91095625998649,39.89515123138486,39.925235736117706
155.94895040582816,39.90577880248785,39.88905608812981,39.92088931412212
160.51432043647614,39.90029753211523,39.882605151048004,39.91628638249322
165.213340635737,39.89449539426538,39.87577857622048,39.91141245248069
170.04992358187923,39.88835440806548,39.8685554621975,39.90625223315607
175.02809639301012,39.88185562304614,39.86091380270948,39.90078959227041
180.15200408020237,39.874979074453584,39.852830438184704,39.89500751565977
185.42591299878524,39.86770373725307,39.84428100617301,39.88888806521168
190.8542144006686,39.86000747889054,39.83523989079607,39.882412335416475
196.44142809066267,39.85186701089668,39.825680171367814,39.875560408539116
202.19220618983536,39.84325783943694,39.81557357035386,39.868311308460626
208.1113370090395,39.83415421493169,39.80489040086686,39.86064295325344
214.2037490358383,39.82452908089513,39.79359951392488,39.85253210657199
220.47451503814744,39.814354022165816,39.781668245732966,39.84395432795864
226.9288562880081,39.803599212730816,39.76906236528332,39.83488392218635
233.57214690901213,39.792233363375765,39.75574602260788,39.825293887782486
240.40991835099717,39.78022366942584,39.74168169805744,39.81515586490386
247.44786399573502,39.76753575887837,39.72683015302474,39.80444008276095
254.691843897454,39.75413364126629,39.71115038257407,39.793115306819935
262.1478896621356,39.739979657631444,39.69459957048741,39.781148786043886
269.8222094696536,39.72503443203018,39.67713304728625,39.768506200470455
277.7211932429355,39.70925682503835,39.658704251838216,39.75515160946128
285.85141796844715,39.69260388977001,39.63926469720934,39.74104740099936
294.2196531724374,39.675030830972126,39.61876394147333,39.72615424245364
302.8328665574946,39.65649096780737,39.59714956424036,39.710431033275356
311.69822980411436,39.636935700987394,39.57436714971642,39.69383486013874
320.82312454210773,39.61631448496802,39.55036027715084,39.67632095508685
330.21514849681756,39.594574805968016,39.525070519571855,39.65784265729469
339.8821218152667,39.571662166619284,39.49843745174763,39.63835137911214
349.8320935775036,39.547520078101044,39.47039866834008,39.617796577100904
360.073348498562,39.52209006065078,39.440889813241405,39.59612572882991
370.6144138266228,39.495311653378494,39.409844621094585,39.57328431624264
381.46406644311776,39.46712243433964,39.377194971998954,39.549215816455856
392.63134017068353,39.43745805183946,39.3428709603873,39.523861700891715
404.12553329506005,39.406252267951075,39.30680097903027,39.49716144368167
415.9562163071847,39.37343701522496,39.26891181907495,39.46905254031145
428.1332398719391,39.338942467548925,39.229128786955314,39.43947053749709
440.6667430301786,39.302697126084425,39.18737583892126,39.408349075293856
453.5671616408702,39.26462792115107,39.143575733818324,39.37561994243867
466.84523707037897,39.22466033085902,39.09765020461052,39.34121314591131
480.5120251361242,39.18271851719571,39.04952014897391,39.30505699566834
494.57890531206397,39.13872548015379,38.99910583909695,39.26707820545353
509.05759020366816,39.092603230348026,38.94632715060673,39.22720201051884
523.9601353002645,39.044272980400905,38.89110381029857,39.185352302997686
539.298949012887,38.993655355185204,38.833355662081296,39.14145178555617
555.0868030059805,38.940670620796865,38.77300295026537,39.09542214380798
571.336842831558,38.88523893189028,38.7099666190192,39.04718423781133
588.0625988746757,38.82728059674816,38.6441686265045,38.99665831277476
605.2779976193349,38.76671635917732,38.57553227188092,38.943764228879566
622.997373244184,38.70346769602781,38.50398253304879,38.888421709884355
641.2354795576917,38.63745712882526,38.4294464126849,38.830550609910695
660.0075022827095,38.56860854769823,38.35185328982655,38.7700711975232
679.3290717006695,38.49684754547034,38.27113527398337,38.70690445591442
699.2162756659375,38.4221017594874,38.18722755851171,38.640972397690234
719.6856730011514,38.34430121846382,38.10006876978293,38.572198392430664
740.7543072847162,38.263378691370896,38.009601308521226,38.50050750487971
762.4397210419138,38.17927003515974,37.91577167958775,38.42582684130434
784.7599703514607,38.09191453792321,37.81853080645108,38.34808590126437
807.733639879671,38.00125525395792,37.71783432661539,38.267216931759805
831.3798583547334,37.907239327101095,37.613642864380104,38.183155280480385
855.7183144940002,37.809818298691155,37.50592227748004,38.095839744679374
880.7692733975462,37.70894839653797,37.39464387440261,38.00521291204178
906.5535934216358,37.60459080139774,37.27978459949584,37.91122148982003
933.0927435461664,37.496711887622375,37.161327183362054,37.81381661847747
960.4088212505379,37.38528343489977,37.03926025647161,37.71295416611397
988.5245709128271,37.27028280831145,36.91357842441769,37.60859500005425
1017.4634027476063,37.151693104306844,36.78428230375809,37.500705232158104
1047.2494122981486,37.02950326061881,36.65137851793947,37.38925643466251
1077.9074004992724,36.90370812861716,36.51487965336187,37.27422582368622
1109.4628943275218,36.774308507102226,36.3748041762013,37.15559640791149
1141.9421680558648,36.64131113707107,36.23117631115475,37.033357100399165
1175.3722651306355,36.50472865752839,36.084025883788705,36.907502791982715
1209.7810206889012,36.364579522955204,35.93338812865176,36.77803438521268
1245.197084735032,36.22088788357006,35.779303465738444,36.6449587883737
1281.6499459957583,36.07368343001816,35.62181724826134,36.50828886965855
1319.1699564735716,35.92300120458227,35.46097948499103,36.36804337214392
1357.7883567189276,35.76888138142187,35.2968445406568,36.22424679075695
1397.537301842291,35.61136901870354,35.129470818061,36.07692921293821
1438.449888287663,35.450513785779165,34.95892042564804,35.92612612518256
1480.56018138991,35.28636966879533,34.78525883428582,35.77187818806458
1523.903243738829,35.118994658275625,34.60855452696756,35.61423098272116
1568.5151643735462,34.948450422305406,34.42887864503104,35.453234732063834
1614.433088831602,34.77480196897,34.24630463432612,35.28894400022293
1661.695250077689,34.59811730165391,34.060907894548855,35.12141737388226
1710.3410003378397,34.41846707070586,33.87276543470869,34.95071712924777
1760.4108438655526,34.235924224819826,33.681955537414,34.77690888840695
1811.9464706671222,34.050563665280336,33.48855743435812,34.600061268783165
1864.9907912142962,33.86246190598257,33.2926509950715,34.42024552927507
1919.587972173111,33.67169674186731,33.09431643068443,34.237535216502906
1975.7834731786995,33.47834692812253,32.89363401412425,34.052005814368705
2033.6240846866724,33.28249187219722,32.69068381785939,33.86373439988428
2093.157966932574,33.08421134036414,32.48554547000315,33.67279930793809
2154.4346900318824,32.883585180257725,32.27829792930921,33.47927980736831
2217.505275253932,32.68069306050951,32.06901927933018,33.28325579039245
2282.4222375040977,32.47561422831377,31.85778654177395,33.08480747712279
2349.239629049658,32.26842728547893,31.644675508880468,32.88401513657625
2418.0130845257204,32.05920998326579,31.429760594455832,32.68095882527654
2488.7998672586646,31.848039036080294,31.213114703040862,32.4757181442477
2561.658916945727,31.634989953877994,30.994809116556553,32.26837201491796
2636.650898730358,31.420136892953664,30.77491339765976,32.05899847419368
2713.838253714277,31.203552524629107,30.553495308955387,31.847674488727087
2793.285250948253,30.985307921217395,30.330620747147,31.63447578819131
2875.058040944877,30.765472458530862,30.1063536911626,31.419476717191234
2959.224710757954,30.544113734111612,29.88075616326491,31.202750105280302
3045.855340674284,30.321297500296556,29.653888202144376,30.984367154420124
3135.0220625651123,30.097087611181315,29.425807846994974,30.764397343111273
3226.7991199458083,29.87154598251677,29.196571131587156,30.542908346338304
3321.262929793748,29.644732563559295,28.966232087376333,30.319965970408166
3418.4921461759272,29.416705319893186,28.734842754716766,30.095634101716996
3518.5677257392626,29.187520226257053,28.502453201289544,29.86997466845391
3621.5729951180747,28.95723126842589,28.269111546896784,29.643047614239734
3727.593720314938,28.72589045323098,28.034863993820643,29.41491088270114
3836.718178112645,28.493547825835275,27.799754861995705,29.185620411995572
3949.037229576698,28.260251493423716,27.56382662829367,28.955230138326524
4064.6443957096276,28.0260476545131,27.32711996927074,28.723792007520885
4183.635935320019,27.79098063313347,27.08967380677906,28.49135599377905
4306.11092517117,27.555092917182765,26.851525355893653,28.25797012475184
4432.171342476086,27.31842520030633,26.612710174655138,28.023680512145404
4561.9221498074585,27.08101642670309,26.373262215175583,27.788531387104896
4695.471382493426,26.842903838308818,26.133213875699333,27.552565139678368
4832.930238571752,26.604123023856115,25.892596053253925,27.31582236171367
4974.413171377451,26.364707969356118,25.65143819656569,27.07834189259216
5120.0379848408875,26.124691109591613,25.409768358952576,26.840160867252965
5269.925931575656,25.884103380254263,25.16761325094176,26.601314766010542
5424.2018138380245,25.64297427039734,24.924998292391702,26.361837465714725
5582.99408744192,25.40133187491382,24.681947663928568,26.121761291847584
5746.434968715974,25.15920294678412,24.438484357534108,25.881117071193945
5914.660544591746,24.916612948870252,24.19463022614698,25.639934184762026
6087.810885914762,24.673586105062654,23.950406032162416,25.39824062066851
6266.030164072649,24.430145450614827,23.70583149473568,25.156063026737243
6449.466771037621,24.1863128815235,23.46092533581285,24.9134267625926
6638.273442923081,23.94210920283765,23.215705324829568,24.670355951058955
6832.607387157398,23.697554175798178,22.9701883220327,24.426873528704327
7032.630413380643,23.452666563729814,22.724390320393223,24.183001295391627
7238.509068173247,23.207464176623265,22.478326486090136,23.938759962723314
7450.4147737289095,22.961963914360137,22.232011197555224,23.69416920128564
7668.523970587011,22.71618180854744,21.985458083077678,23.449247686617213
7893.018264543567,22.470133062938743,21.738680056974882,23.20401314384295
8124.0845778629655,22.22383209243057,21.49168935434257,22.958482390929163
8361.915304916318,21.97729256063136,21.24449756440309,22.712671380528743
8606.708472376158,21.730527416007472,20.997115662475412,22.46659524039655
8858.667904100823,21.483548926618315,20.749554040594113,22.22026831236548
9118.00339084568,21.236368713458283,20.501822536808664,21.97370418988254
9384.93086494272,20.988997782427308,20.25393046319598,21.72691575411154
9659.672580093833,20.74144655495715,20.005886632622257,21.47991520861595
9942.457296427408,20.493724897323123,19.75769938429117,21.23271411264091
10233.520470972575,20.24584214867365,19.50937660811678,20.985323413018094
10533.10445370936,19.997807147813106,19.260925767960693,20.73775347472122
10841.45868935835,19.749628258773924,19.012353923772803,20.49001411010301
11158.83992507748,19.501313395216304,18.763667752676017,20.242114606847487
11485.512424239369,19.25287004369388,18.514873569034354,19.99406375467296
11821.748186466722,19.00430528582499,18.265977343544478,19.74586987082334
12167.82717410923,18.755625819408746,18.01698472138964,19.497540824386135
12524.037545350719,18.506837978525645,17.767901039494586,19.249084059476235
12890.675894140244,18.257947752662,17.51873134291938,19.000506617325584
13268.047497147245,18.00896080489706,17.269480400429234,18.751815157318394
13656.466567946096,17.759882489191344,17.020152719276442,18.503015977011955
14056.256518642136,17.510717866813515,16.77075255922938,18.254115031182465
14467.75022915648,17.261471721943117,16.521283945883106,18.005117949935244
14891.290324394087,17.012148576484893,16.271750683284317,17.756030055917844
15327.22945952612,16.762752704129763,16.02215636590265,17.506856380673693
15775.930613623614,16.513288143696485,15.772504389979314,17.25760168017352
16237.76739188721,16.263758711787215,15.522797964282821,17.00827044956068
16713.124336724857,16.01416801478842,15.273040120300086,16.758866937145125
17202.39724793599,15.764519460248394,15.023233721890918,16.509395157680533
17705.99351226898,15.514816267660885,14.773381474431929,16.259858904957458
18224.332442626648,15.265061478683345,14.523485933475197,16.0102617637442
18757.845627201612,15.015257966817414,14.273549512946172,15.760607121106563
19306.977288832495,14.765408446578089,14.023574492903801,15.510898177135976
19872.184654880533,14.515515482176658,13.773563026885059,15.261137955114458
20453.938337933905,14.26558149574182,13.523517148855209,15.011329311144117
21052.72272765707,14.015608775102262,13.273438779784032,14.761474943267427
21669.03639411181,13.765599481152671,13.023329733866994,14.511577400103343
22303.39250288494,13.515555654824508,12.773191724410248,14.261639089023843
22956.319242369096,13.265479223681869,12.52302636939658,14.011662283893694
23628.360263551753,13.01537200816168,12.27283519674927,13.761649132395842
24320.07513267945,12.765235727476458,12.022619649309409,13.511601662963283
25032.039797173253,12.515072005197544,11.772381089542174,13.261521791337882
25764.847065183745,12.264882374535304,11.522120803986223,13.011411326775333
26519.107099185352,12.014668283332094,11.271840007459671,12.761271977914333
27295.44792402007,11.764431098783414,11.021539847035983,12.51110535832786
28094.51594981406,11.514172111901411,10.771221405801876,12.260912991773004
28916.976510202963,11.26389254173442,10.520885706408821,12.010696317155046
29763.51441631319,11.013593539355604,10.270533714429474,11.76045669322113
30634.83452696084,10.763276191633151,10.020166341529439,11.510195402997791
31531.662335543613,10.512941524793282,9.76978444846419,11.259913657985653
32454.744574113254,10.262590507787731,9.519388847910864,11.009612602124665
33404.849835132445,10.012224055475903,9.268980307143739,10.759293315541859
34382.76921143307,9.76184303163185,9.018559550561939,10.50895681809343
35389.316954909846,9.51144825178537,8.768127262077284,10.25860407271201
36425.33115449638,9.261040485906431,8.517684087370105,10.00823598856987
37491.674433988854,9.010620460941418,8.267230636020217,9.757853424067882
38589.23467029899,8.760188863208938,8.016767483519567,9.507457189659545
39718.92573273302,8.509746340663304,7.766295173173517,9.257048050519266
40881.6882439129,8.259293505032678,7.515814217896567,9.006626729063246
42078.490362973986,8.008830933838617,7.265325101908274,8.756193907330829
43310.32859169001,7.758359172303771,7.0148282823350625,8.505750229234224
44578.228604197066,7.507878735153786,6.764324190723075,8.255296302683684
45883.2461010084,7.257390108318972,6.513813234466676,8.004832701594708
47226.467688029545,7.006893750541691,6.263295798157668,7.754359967784139
48609.011781306304,6.756390094894326,6.012772244859421,7.503878612761028
50032.02953825999,6.505879550212772,5.762242917309873,7.253389119417905
51496.70581618343,6.255362502450293,5.5117081390576885,7.00289194362828
53004.26015879673,6.004839315956023,5.261168215535108,6.752387515755327
54555.947811685146,5.754310334682186,5.010623435070827,6.5018762420765315
56153.060767462666,5.5037758833242085,4.760074069846564,6.251358506129228
57796.92884153313,5.253236268397169,4.509520376800168,6.000834669981165
59488.92077934331,5.002691779252434,4.258962598478469,5.750305075430422
61230.44539605177,4.752142689037341,4.008400963842283,5.4997700451382885
63022.95274956024,4.5015892556015835,3.7578356890267033,5.249229883699178
64867.935347885075,4.251031722352987,3.5072669780589125,4.998684878650937
66766.92939187557,4.000470319065364,3.2566950235357197,4.748135301428576
68721.51605431121,3.749905262641469,3.0061200072634398,4.497581408265051
70733.32279644438,3.4993367578332806,2.755542100861987,4.247023441041697
72804.02472308562,3.248764997921971,2.504961466335058,3.9964616280910907
74935.34597735756,2.9981901653600085,2.254378256608625,3.745896184955249
77129.06117627992,2.747612432377374,2.0037926160392665,3.4953273151014534
79386.99688838223,2.4970319615537684,1.7532046808939754,3.2447552105979667
81711.03315457187,2.2464489063589976,1.502614579803248,2.9941800527521414
84103.10505352604,1.9958634116630145,1.2520224341887858,2.7436020127128127
86565.20431290935,1.7452756142175931,1.0014283586673196,2.493021252039071
89099.38096776098,1.4946856431108626,0.7508324614316924,2.242437923237117
91707.7450674293,1.2440936201965647,0.5002348446107815,1.9918521702672238
94392.46843247663,0.9934996604993255,0.2496356046092528,1.741264129022373
97155.78646301848,0.7429038725970666,-0.0009651675718514466,1.4906739277799217
100000.0,0.4923063589822027,-0.2515673860322824,1.2400816876282303
